FAIR	EXPR	OUT_COUNT	STD_DEV	LOCK_MODE
8	COUNTER_5	186172.000000	283645050880.000000	1
8	COUNTER_5	123256.000000	1598843125760.000000	2
8	COUNTER_5	50699.000000	3750149750784.000000	4
8	COUNTER_5	10250.000000	8026640613376.000000	8
8	COUNTER_5	9244.000000	16471413489664.000000	16
